stage,fold,model,origin,date,horizon,actual,prediction,seasonal_scale,absolute_error,band
calibration,1,Seasonal Naive,2025-06-18,2025-06-19,1,650.0,627.0,94.72788353863382,23.0,0
calibration,1,Seasonal Naive,2025-06-18,2025-06-20,2,678.0,706.0,94.72788353863382,28.0,0
calibration,1,Seasonal Naive,2025-06-18,2025-06-21,3,861.0,871.0,94.72788353863382,10.0,0
calibration,1,Seasonal Naive,2025-06-18,2025-06-22,4,803.0,768.0,94.72788353863382,35.0,0
calibration,1,Seasonal Naive,2025-06-18,2025-06-23,5,562.0,617.0,94.72788353863382,55.0,0
calibration,1,Seasonal Naive,2025-06-18,2025-06-24,6,614.0,524.0,94.72788353863382,90.0,0
calibration,1,Seasonal Naive,2025-06-18,2025-06-25,7,584.0,591.0,94.72788353863382,7.0,0
calibration,1,Seasonal Naive,2025-06-18,2025-06-26,8,678.0,627.0,94.72788353863382,51.0,1
calibration,1,Seasonal Naive,2025-06-18,2025-06-27,9,601.0,706.0,94.72788353863382,105.0,1
calibration,1,Seasonal Naive,2025-06-18,2025-06-28,10,846.0,871.0,94.72788353863382,25.0,1
calibration,1,Seasonal Naive,2025-06-18,2025-06-29,11,781.0,768.0,94.72788353863382,13.0,1
calibration,1,Seasonal Naive,2025-06-18,2025-06-30,12,553.0,617.0,94.72788353863382,64.0,1
calibration,1,Seasonal Naive,2025-06-18,2025-07-01,13,550.0,524.0,94.72788353863382,26.0,1
calibration,1,Seasonal Naive,2025-06-18,2025-07-02,14,667.0,591.0,94.72788353863382,76.0,1
calibration,1,Seasonal Naive,2025-06-18,2025-07-03,15,876.0,627.0,94.72788353863382,249.0,2
calibration,1,Seasonal Naive,2025-06-18,2025-07-04,16,925.0,706.0,94.72788353863382,219.0,2
calibration,1,Seasonal Naive,2025-06-18,2025-07-05,17,1220.0,871.0,94.72788353863382,349.0,2
calibration,1,Seasonal Naive,2025-06-18,2025-07-06,18,1072.0,768.0,94.72788353863382,304.0,2
calibration,1,Seasonal Naive,2025-06-18,2025-07-07,19,537.0,617.0,94.72788353863382,80.0,2
calibration,1,Seasonal Naive,2025-06-18,2025-07-08,20,624.0,524.0,94.72788353863382,100.0,2
calibration,1,Seasonal Naive,2025-06-18,2025-07-09,21,583.0,591.0,94.72788353863382,8.0,2
calibration,1,Seasonal Naive,2025-06-18,2025-07-10,22,612.0,627.0,94.72788353863382,15.0,3
calibration,1,Seasonal Naive,2025-06-18,2025-07-11,23,718.0,706.0,94.72788353863382,12.0,3
calibration,1,Seasonal Naive,2025-06-18,2025-07-12,24,846.0,871.0,94.72788353863382,25.0,3
calibration,1,Seasonal Naive,2025-06-18,2025-07-13,25,727.0,768.0,94.72788353863382,41.0,3
calibration,1,Seasonal Naive,2025-06-18,2025-07-14,26,657.0,617.0,94.72788353863382,40.0,3
calibration,1,Seasonal Naive,2025-06-18,2025-07-15,27,563.0,524.0,94.72788353863382,39.0,3
calibration,1,Seasonal Naive,2025-06-18,2025-07-16,28,620.0,591.0,94.72788353863382,29.0,3
calibration,1,Holt-Winters,2025-06-18,2025-06-19,1,650.0,590.9814590952038,94.72788353863382,59.01854090479617,0
calibration,1,Holt-Winters,2025-06-18,2025-06-20,2,678.0,624.1247255866783,94.72788353863382,53.87527441332168,0
calibration,1,Holt-Winters,2025-06-18,2025-06-21,3,861.0,798.8226947924792,94.72788353863382,62.17730520752082,0
calibration,1,Holt-Winters,2025-06-18,2025-06-22,4,803.0,758.1986616237832,94.72788353863382,44.80133837621679,0
calibration,1,Holt-Winters,2025-06-18,2025-06-23,5,562.0,590.9851067408915,94.72788353863382,28.985106740891524,0
calibration,1,Holt-Winters,2025-06-18,2025-06-24,6,614.0,579.3166985495744,94.72788353863382,34.683301450425574,0
calibration,1,Holt-Winters,2025-06-18,2025-06-25,7,584.0,579.009861610516,94.72788353863382,4.9901383894839455,0
calibration,1,Holt-Winters,2025-06-18,2025-06-26,8,678.0,590.9814590952038,94.72788353863382,87.01854090479617,1
calibration,1,Holt-Winters,2025-06-18,2025-06-27,9,601.0,624.1247255866783,94.72788353863382,23.124725586678323,1
calibration,1,Holt-Winters,2025-06-18,2025-06-28,10,846.0,798.8226947924792,94.72788353863382,47.17730520752082,1
calibration,1,Holt-Winters,2025-06-18,2025-06-29,11,781.0,758.1986616237832,94.72788353863382,22.80133837621679,1
calibration,1,Holt-Winters,2025-06-18,2025-06-30,12,553.0,590.9851067408915,94.72788353863382,37.985106740891524,1
calibration,1,Holt-Winters,2025-06-18,2025-07-01,13,550.0,579.3166985495744,94.72788353863382,29.316698549574426,1
calibration,1,Holt-Winters,2025-06-18,2025-07-02,14,667.0,579.009861610516,94.72788353863382,87.99013838948395,1
calibration,1,Holt-Winters,2025-06-18,2025-07-03,15,876.0,590.9814590952038,94.72788353863382,285.01854090479617,2
calibration,1,Holt-Winters,2025-06-18,2025-07-04,16,925.0,624.1247255866783,94.72788353863382,300.8752744133217,2
calibration,1,Holt-Winters,2025-06-18,2025-07-05,17,1220.0,798.8226947924792,94.72788353863382,421.1773052075208,2
calibration,1,Holt-Winters,2025-06-18,2025-07-06,18,1072.0,758.1986616237832,94.72788353863382,313.8013383762168,2
calibration,1,Holt-Winters,2025-06-18,2025-07-07,19,537.0,590.9851067408915,94.72788353863382,53.985106740891524,2
calibration,1,Holt-Winters,2025-06-18,2025-07-08,20,624.0,579.3166985495744,94.72788353863382,44.683301450425574,2
calibration,1,Holt-Winters,2025-06-18,2025-07-09,21,583.0,579.009861610516,94.72788353863382,3.9901383894839455,2
calibration,1,Holt-Winters,2025-06-18,2025-07-10,22,612.0,590.9814590952038,94.72788353863382,21.01854090479617,3
calibration,1,Holt-Winters,2025-06-18,2025-07-11,23,718.0,624.1247255866783,94.72788353863382,93.87527441332168,3
calibration,1,Holt-Winters,2025-06-18,2025-07-12,24,846.0,798.8226947924792,94.72788353863382,47.17730520752082,3
calibration,1,Holt-Winters,2025-06-18,2025-07-13,25,727.0,758.1986616237832,94.72788353863382,31.19866162378321,3
calibration,1,Holt-Winters,2025-06-18,2025-07-14,26,657.0,590.9851067408915,94.72788353863382,66.01489325910848,3
calibration,1,Holt-Winters,2025-06-18,2025-07-15,27,563.0,579.3166985495744,94.72788353863382,16.316698549574426,3
calibration,1,Holt-Winters,2025-06-18,2025-07-16,28,620.0,579.009861610516,94.72788353863382,40.990138389483946,3
calibration,1,LightGBM,2025-06-18,2025-06-19,1,650.0,593.1124374363402,94.72788353863382,56.8875625636598,0
calibration,1,LightGBM,2025-06-18,2025-06-20,2,678.0,690.9723714680284,94.72788353863382,12.972371468028427,0
calibration,1,LightGBM,2025-06-18,2025-06-21,3,861.0,843.2252455956642,94.72788353863382,17.774754404335795,0
calibration,1,LightGBM,2025-06-18,2025-06-22,4,803.0,797.4771034998673,94.72788353863382,5.522896500132674,0
calibration,1,LightGBM,2025-06-18,2025-06-23,5,562.0,641.175054683472,94.72788353863382,79.17505468347201,0
calibration,1,LightGBM,2025-06-18,2025-06-24,6,614.0,559.0989701770231,94.72788353863382,54.90102982297685,0
calibration,1,LightGBM,2025-06-18,2025-06-25,7,584.0,597.8601936073939,94.72788353863382,13.860193607393853,0
calibration,1,LightGBM,2025-06-18,2025-06-26,8,678.0,604.3520782594945,94.72788353863382,73.64792174050547,1
calibration,1,LightGBM,2025-06-18,2025-06-27,9,601.0,673.8744745475027,94.72788353863382,72.8744745475027,1
calibration,1,LightGBM,2025-06-18,2025-06-28,10,846.0,825.3234560923801,94.72788353863382,20.67654390761993,1
calibration,1,LightGBM,2025-06-18,2025-06-29,11,781.0,815.7510181193743,94.72788353863382,34.751018119374294,1
calibration,1,LightGBM,2025-06-18,2025-06-30,12,553.0,638.9014945306578,94.72788353863382,85.90149453065783,1
calibration,1,LightGBM,2025-06-18,2025-07-01,13,550.0,579.5570190377172,94.72788353863382,29.55701903771717,1
calibration,1,LightGBM,2025-06-18,2025-07-02,14,667.0,595.9739755558473,94.72788353863382,71.02602444415265,1
calibration,1,LightGBM,2025-06-18,2025-07-03,15,876.0,604.0515672094614,94.72788353863382,271.9484327905386,2
calibration,1,LightGBM,2025-06-18,2025-07-04,16,925.0,676.0973378516052,94.72788353863382,248.90266214839482,2
calibration,1,LightGBM,2025-06-18,2025-07-05,17,1220.0,842.9247946033438,94.72788353863382,377.0752053966562,2
calibration,1,LightGBM,2025-06-18,2025-07-06,18,1072.0,783.6348025914615,94.72788353863382,288.3651974085385,2
calibration,1,LightGBM,2025-06-18,2025-07-07,19,537.0,658.1235860818865,94.72788353863382,121.12358608188651,2
calibration,1,LightGBM,2025-06-18,2025-07-08,20,624.0,555.8361892150259,94.72788353863382,68.16381078497409,2
calibration,1,LightGBM,2025-06-18,2025-07-09,21,583.0,578.9768013166542,94.72788353863382,4.023198683345754,2
calibration,1,LightGBM,2025-06-18,2025-07-10,22,612.0,603.1668198494518,94.72788353863382,8.833180150548174,3
calibration,1,LightGBM,2025-06-18,2025-07-11,23,718.0,685.7169833966308,94.72788353863382,32.28301660336922,3
calibration,1,LightGBM,2025-06-18,2025-07-12,24,846.0,831.3204888180296,94.72788353863382,14.679511181970383,3
calibration,1,LightGBM,2025-06-18,2025-07-13,25,727.0,807.7819925310832,94.72788353863382,80.78199253108323,3
calibration,1,LightGBM,2025-06-18,2025-07-14,26,657.0,613.2023184067668,94.72788353863382,43.797681593233165,3
calibration,1,LightGBM,2025-06-18,2025-07-15,27,563.0,571.7579181284228,94.72788353863382,8.75791812842283,3
calibration,1,LightGBM,2025-06-18,2025-07-16,28,620.0,576.4616565215487,94.72788353863382,43.53834347845134,3
calibration,2,Seasonal Naive,2025-07-16,2025-07-17,1,577.0,612.0,95.44733984799132,35.0,0
calibration,2,Seasonal Naive,2025-07-16,2025-07-18,2,590.0,718.0,95.44733984799132,128.0,0
calibration,2,Seasonal Naive,2025-07-16,2025-07-19,3,790.0,846.0,95.44733984799132,56.0,0
calibration,2,Seasonal Naive,2025-07-16,2025-07-20,4,823.0,727.0,95.44733984799132,96.0,0
calibration,2,Seasonal Naive,2025-07-16,2025-07-21,5,592.0,657.0,95.44733984799132,65.0,0
calibration,2,Seasonal Naive,2025-07-16,2025-07-22,6,564.0,563.0,95.44733984799132,1.0,0
calibration,2,Seasonal Naive,2025-07-16,2025-07-23,7,587.0,620.0,95.44733984799132,33.0,0
calibration,2,Seasonal Naive,2025-07-16,2025-07-24,8,612.0,612.0,95.44733984799132,0.0,1
calibration,2,Seasonal Naive,2025-07-16,2025-07-25,9,675.0,718.0,95.44733984799132,43.0,1
calibration,2,Seasonal Naive,2025-07-16,2025-07-26,10,967.0,846.0,95.44733984799132,121.0,1
calibration,2,Seasonal Naive,2025-07-16,2025-07-27,11,794.0,727.0,95.44733984799132,67.0,1
calibration,2,Seasonal Naive,2025-07-16,2025-07-28,12,669.0,657.0,95.44733984799132,12.0,1
calibration,2,Seasonal Naive,2025-07-16,2025-07-29,13,590.0,563.0,95.44733984799132,27.0,1
calibration,2,Seasonal Naive,2025-07-16,2025-07-30,14,571.0,620.0,95.44733984799132,49.0,1
calibration,2,Seasonal Naive,2025-07-16,2025-07-31,15,571.0,612.0,95.44733984799132,41.0,2
calibration,2,Seasonal Naive,2025-07-16,2025-08-01,16,652.0,718.0,95.44733984799132,66.0,2
calibration,2,Seasonal Naive,2025-07-16,2025-08-02,17,898.0,846.0,95.44733984799132,52.0,2
calibration,2,Seasonal Naive,2025-07-16,2025-08-03,18,735.0,727.0,95.44733984799132,8.0,2
calibration,2,Seasonal Naive,2025-07-16,2025-08-04,19,583.0,657.0,95.44733984799132,74.0,2
calibration,2,Seasonal Naive,2025-07-16,2025-08-05,20,533.0,563.0,95.44733984799132,30.0,2
calibration,2,Seasonal Naive,2025-07-16,2025-08-06,21,586.0,620.0,95.44733984799132,34.0,2
calibration,2,Seasonal Naive,2025-07-16,2025-08-07,22,591.0,612.0,95.44733984799132,21.0,3
calibration,2,Seasonal Naive,2025-07-16,2025-08-08,23,620.0,718.0,95.44733984799132,98.0,3
calibration,2,Seasonal Naive,2025-07-16,2025-08-09,24,859.0,846.0,95.44733984799132,13.0,3
calibration,2,Seasonal Naive,2025-07-16,2025-08-10,25,997.0,727.0,95.44733984799132,270.0,3
calibration,2,Seasonal Naive,2025-07-16,2025-08-11,26,692.0,657.0,95.44733984799132,35.0,3
calibration,2,Seasonal Naive,2025-07-16,2025-08-12,27,599.0,563.0,95.44733984799132,36.0,3
calibration,2,Seasonal Naive,2025-07-16,2025-08-13,28,592.0,620.0,95.44733984799132,28.0,3
calibration,2,Holt-Winters,2025-07-16,2025-07-17,1,577.0,626.6257017030513,95.44733984799132,49.62570170305128,0
calibration,2,Holt-Winters,2025-07-16,2025-07-18,2,590.0,672.7336445172467,95.44733984799132,82.73364451724672,0
calibration,2,Holt-Winters,2025-07-16,2025-07-19,3,790.0,855.9005719124422,95.44733984799132,65.90057191244216,0
calibration,2,Holt-Winters,2025-07-16,2025-07-20,4,823.0,805.9248345607526,95.44733984799132,17.07516543924737,0
calibration,2,Holt-Winters,2025-07-16,2025-07-21,5,592.0,624.8950469763349,95.44733984799132,32.895046976334925,0
calibration,2,Holt-Winters,2025-07-16,2025-07-22,6,564.0,604.7608612930705,95.44733984799132,40.76086129307055,0
calibration,2,Holt-Winters,2025-07-16,2025-07-23,7,587.0,611.38968110296,95.44733984799132,24.389681102960026,0
calibration,2,Holt-Winters,2025-07-16,2025-07-24,8,612.0,626.6257017030513,95.44733984799132,14.625701703051277,1
calibration,2,Holt-Winters,2025-07-16,2025-07-25,9,675.0,672.7336445172467,95.44733984799132,2.2663554827532835,1
calibration,2,Holt-Winters,2025-07-16,2025-07-26,10,967.0,855.9005719124422,95.44733984799132,111.09942808755784,1
calibration,2,Holt-Winters,2025-07-16,2025-07-27,11,794.0,805.9248345607526,95.44733984799132,11.924834560752629,1
calibration,2,Holt-Winters,2025-07-16,2025-07-28,12,669.0,624.8950469763349,95.44733984799132,44.104953023665075,1
calibration,2,Holt-Winters,2025-07-16,2025-07-29,13,590.0,604.7608612930705,95.44733984799132,14.760861293070548,1
calibration,2,Holt-Winters,2025-07-16,2025-07-30,14,571.0,611.38968110296,95.44733984799132,40.389681102960026,1
calibration,2,Holt-Winters,2025-07-16,2025-07-31,15,571.0,626.6257017030513,95.44733984799132,55.62570170305128,2
calibration,2,Holt-Winters,2025-07-16,2025-08-01,16,652.0,672.7336445172467,95.44733984799132,20.733644517246717,2
calibration,2,Holt-Winters,2025-07-16,2025-08-02,17,898.0,855.9005719124422,95.44733984799132,42.09942808755784,2
calibration,2,Holt-Winters,2025-07-16,2025-08-03,18,735.0,805.9248345607526,95.44733984799132,70.92483456075263,2
calibration,2,Holt-Winters,2025-07-16,2025-08-04,19,583.0,624.8950469763349,95.44733984799132,41.895046976334925,2
calibration,2,Holt-Winters,2025-07-16,2025-08-05,20,533.0,604.7608612930705,95.44733984799132,71.76086129307055,2
calibration,2,Holt-Winters,2025-07-16,2025-08-06,21,586.0,611.38968110296,95.44733984799132,25.389681102960026,2
calibration,2,Holt-Winters,2025-07-16,2025-08-07,22,591.0,626.6257017030513,95.44733984799132,35.62570170305128,3
calibration,2,Holt-Winters,2025-07-16,2025-08-08,23,620.0,672.7336445172467,95.44733984799132,52.73364451724672,3
calibration,2,Holt-Winters,2025-07-16,2025-08-09,24,859.0,855.9005719124422,95.44733984799132,3.0994280875578397,3
calibration,2,Holt-Winters,2025-07-16,2025-08-10,25,997.0,805.9248345607526,95.44733984799132,191.07516543924737,3
calibration,2,Holt-Winters,2025-07-16,2025-08-11,26,692.0,624.8950469763349,95.44733984799132,67.10495302366508,3
calibration,2,Holt-Winters,2025-07-16,2025-08-12,27,599.0,604.7608612930705,95.44733984799132,5.760861293070548,3
calibration,2,Holt-Winters,2025-07-16,2025-08-13,28,592.0,611.38968110296,95.44733984799132,19.389681102960026,3
calibration,2,LightGBM,2025-07-16,2025-07-17,1,577.0,611.1641632944759,95.44733984799132,34.164163294475884,0
calibration,2,LightGBM,2025-07-16,2025-07-18,2,590.0,645.8137408535006,95.44733984799132,55.813740853500576,0
calibration,2,LightGBM,2025-07-16,2025-07-19,3,790.0,842.8802382832555,95.44733984799132,52.880238283255494,0
calibration,2,LightGBM,2025-07-16,2025-07-20,4,823.0,779.975203857137,95.44733984799132,43.02479614286301,0
calibration,2,LightGBM,2025-07-16,2025-07-21,5,592.0,607.9116769111366,95.44733984799132,15.911676911136624,0
calibration,2,LightGBM,2025-07-16,2025-07-22,6,564.0,589.9532799312742,95.44733984799132,25.95327993127421,0
calibration,2,LightGBM,2025-07-16,2025-07-23,7,587.0,612.9882426203322,95.44733984799132,25.988242620332244,0
calibration,2,LightGBM,2025-07-16,2025-07-24,8,612.0,620.8800638039277,95.44733984799132,8.88006380392767,1
calibration,2,LightGBM,2025-07-16,2025-07-25,9,675.0,635.535526002033,95.44733984799132,39.46447399796705,1
calibration,2,LightGBM,2025-07-16,2025-07-26,10,967.0,876.4662281479857,95.44733984799132,90.5337718520143,1
calibration,2,LightGBM,2025-07-16,2025-07-27,11,794.0,821.1164537685028,95.44733984799132,27.116453768502765,1
calibration,2,LightGBM,2025-07-16,2025-07-28,12,669.0,622.3681998591235,95.44733984799132,46.63180014087652,1
calibration,2,LightGBM,2025-07-16,2025-07-29,13,590.0,611.4847187115028,95.44733984799132,21.48471871150275,1
calibration,2,LightGBM,2025-07-16,2025-07-30,14,571.0,610.4408651903695,95.44733984799132,39.44086519036955,1
calibration,2,LightGBM,2025-07-16,2025-07-31,15,571.0,616.6346437282581,95.44733984799132,45.634643728258084,2
calibration,2,LightGBM,2025-07-16,2025-08-01,16,652.0,618.273997948779,95.44733984799132,33.72600205122103,2
calibration,2,LightGBM,2025-07-16,2025-08-02,17,898.0,824.2237626056177,95.44733984799132,73.77623739438229,2
calibration,2,LightGBM,2025-07-16,2025-08-03,18,735.0,819.794407739901,95.44733984799132,84.79440773990098,2
calibration,2,LightGBM,2025-07-16,2025-08-04,19,583.0,600.8346405224074,95.44733984799132,17.834640522407426,2
calibration,2,LightGBM,2025-07-16,2025-08-05,20,533.0,609.0469624270709,95.44733984799132,76.04696242707087,2
calibration,2,LightGBM,2025-07-16,2025-08-06,21,586.0,599.7830804445845,95.44733984799132,13.78308044458447,2
calibration,2,LightGBM,2025-07-16,2025-08-07,22,591.0,618.6125535277915,95.44733984799132,27.612553527791533,3
calibration,2,LightGBM,2025-07-16,2025-08-08,23,620.0,626.4449063668429,95.44733984799132,6.444906366842929,3
calibration,2,LightGBM,2025-07-16,2025-08-09,24,859.0,820.6183387854577,95.44733984799132,38.381661214542305,3
calibration,2,LightGBM,2025-07-16,2025-08-10,25,997.0,716.1044332953113,95.44733984799132,280.8955667046887,3
calibration,2,LightGBM,2025-07-16,2025-08-11,26,692.0,602.462717000911,95.44733984799132,89.53728299908903,3
calibration,2,LightGBM,2025-07-16,2025-08-12,27,599.0,592.9308327744603,95.44733984799132,6.0691672255396725,3
calibration,2,LightGBM,2025-07-16,2025-08-13,28,592.0,606.5625370805633,95.44733984799132,14.562537080563288,3
calibration,3,Seasonal Naive,2025-08-13,2025-08-14,1,593.0,591.0,94.46786090621707,2.0,0
calibration,3,Seasonal Naive,2025-08-13,2025-08-15,2,665.0,620.0,94.46786090621707,45.0,0
calibration,3,Seasonal Naive,2025-08-13,2025-08-16,3,823.0,859.0,94.46786090621707,36.0,0
calibration,3,Seasonal Naive,2025-08-13,2025-08-17,4,804.0,997.0,94.46786090621707,193.0,0
calibration,3,Seasonal Naive,2025-08-13,2025-08-18,5,541.0,692.0,94.46786090621707,151.0,0
calibration,3,Seasonal Naive,2025-08-13,2025-08-19,6,609.0,599.0,94.46786090621707,10.0,0
calibration,3,Seasonal Naive,2025-08-13,2025-08-20,7,467.0,592.0,94.46786090621707,125.0,0
calibration,3,Seasonal Naive,2025-08-13,2025-08-21,8,539.0,591.0,94.46786090621707,52.0,1
calibration,3,Seasonal Naive,2025-08-13,2025-08-22,9,655.0,620.0,94.46786090621707,35.0,1
calibration,3,Seasonal Naive,2025-08-13,2025-08-23,10,780.0,859.0,94.46786090621707,79.0,1
calibration,3,Seasonal Naive,2025-08-13,2025-08-24,11,710.0,997.0,94.46786090621707,287.0,1
calibration,3,Seasonal Naive,2025-08-13,2025-08-25,12,542.0,692.0,94.46786090621707,150.0,1
calibration,3,Seasonal Naive,2025-08-13,2025-08-26,13,533.0,599.0,94.46786090621707,66.0,1
calibration,3,Seasonal Naive,2025-08-13,2025-08-27,14,544.0,592.0,94.46786090621707,48.0,1
calibration,3,Seasonal Naive,2025-08-13,2025-08-28,15,576.0,591.0,94.46786090621707,15.0,2
calibration,3,Seasonal Naive,2025-08-13,2025-08-29,16,616.0,620.0,94.46786090621707,4.0,2
calibration,3,Seasonal Naive,2025-08-13,2025-08-30,17,814.0,859.0,94.46786090621707,45.0,2
calibration,3,Seasonal Naive,2025-08-13,2025-08-31,18,837.0,997.0,94.46786090621707,160.0,2
calibration,3,Seasonal Naive,2025-08-13,2025-09-01,19,526.0,692.0,94.46786090621707,166.0,2
calibration,3,Seasonal Naive,2025-08-13,2025-09-02,20,505.0,599.0,94.46786090621707,94.0,2
calibration,3,Seasonal Naive,2025-08-13,2025-09-03,21,555.0,592.0,94.46786090621707,37.0,2
calibration,3,Seasonal Naive,2025-08-13,2025-09-04,22,540.0,591.0,94.46786090621707,51.0,3
calibration,3,Seasonal Naive,2025-08-13,2025-09-05,23,628.0,620.0,94.46786090621707,8.0,3
calibration,3,Seasonal Naive,2025-08-13,2025-09-06,24,759.0,859.0,94.46786090621707,100.0,3
calibration,3,Seasonal Naive,2025-08-13,2025-09-07,25,676.0,997.0,94.46786090621707,321.0,3
calibration,3,Seasonal Naive,2025-08-13,2025-09-08,26,525.0,692.0,94.46786090621707,167.0,3
calibration,3,Seasonal Naive,2025-08-13,2025-09-09,27,499.0,599.0,94.46786090621707,100.0,3
calibration,3,Seasonal Naive,2025-08-13,2025-09-10,28,472.0,592.0,94.46786090621707,120.0,3
calibration,3,Holt-Winters,2025-08-13,2025-08-14,1,593.0,613.8628546573719,94.46786090621707,20.86285465737194,0
calibration,3,Holt-Winters,2025-08-13,2025-08-15,2,665.0,659.1601375186215,94.46786090621707,5.839862481378532,0
calibration,3,Holt-Winters,2025-08-13,2025-08-16,3,823.0,840.5265186066772,94.46786090621707,17.5265186066772,0
calibration,3,Holt-Winters,2025-08-13,2025-08-17,4,804.0,791.6368611151191,94.46786090621707,12.363138884880868,0
calibration,3,Holt-Winters,2025-08-13,2025-08-18,5,541.0,613.4555726445934,94.46786090621707,72.45557264459342,0
calibration,3,Holt-Winters,2025-08-13,2025-08-19,6,609.0,592.557943512518,94.46786090621707,16.442056487481977,0
calibration,3,Holt-Winters,2025-08-13,2025-08-20,7,467.0,599.2497707868886,94.46786090621707,132.24977078688858,0
calibration,3,Holt-Winters,2025-08-13,2025-08-21,8,539.0,613.8628546573719,94.46786090621707,74.86285465737194,1
calibration,3,Holt-Winters,2025-08-13,2025-08-22,9,655.0,659.1601375186215,94.46786090621707,4.160137518621468,1
calibration,3,Holt-Winters,2025-08-13,2025-08-23,10,780.0,840.5265186066772,94.46786090621707,60.5265186066772,1
calibration,3,Holt-Winters,2025-08-13,2025-08-24,11,710.0,791.6368611151191,94.46786090621707,81.63686111511913,1
calibration,3,Holt-Winters,2025-08-13,2025-08-25,12,542.0,613.4555726445934,94.46786090621707,71.45557264459342,1
calibration,3,Holt-Winters,2025-08-13,2025-08-26,13,533.0,592.557943512518,94.46786090621707,59.55794351251802,1
calibration,3,Holt-Winters,2025-08-13,2025-08-27,14,544.0,599.2497707868886,94.46786090621707,55.249770786888575,1
calibration,3,Holt-Winters,2025-08-13,2025-08-28,15,576.0,613.8628546573719,94.46786090621707,37.86285465737194,2
calibration,3,Holt-Winters,2025-08-13,2025-08-29,16,616.0,659.1601375186215,94.46786090621707,43.16013751862147,2
calibration,3,Holt-Winters,2025-08-13,2025-08-30,17,814.0,840.5265186066772,94.46786090621707,26.5265186066772,2
calibration,3,Holt-Winters,2025-08-13,2025-08-31,18,837.0,791.6368611151191,94.46786090621707,45.36313888488087,2
calibration,3,Holt-Winters,2025-08-13,2025-09-01,19,526.0,613.4555726445934,94.46786090621707,87.45557264459342,2
calibration,3,Holt-Winters,2025-08-13,2025-09-02,20,505.0,592.557943512518,94.46786090621707,87.55794351251802,2
calibration,3,Holt-Winters,2025-08-13,2025-09-03,21,555.0,599.2497707868886,94.46786090621707,44.249770786888575,2
calibration,3,Holt-Winters,2025-08-13,2025-09-04,22,540.0,613.8628546573719,94.46786090621707,73.86285465737194,3
calibration,3,Holt-Winters,2025-08-13,2025-09-05,23,628.0,659.1601375186215,94.46786090621707,31.160137518621468,3
calibration,3,Holt-Winters,2025-08-13,2025-09-06,24,759.0,840.5265186066772,94.46786090621707,81.5265186066772,3
calibration,3,Holt-Winters,2025-08-13,2025-09-07,25,676.0,791.6368611151191,94.46786090621707,115.63686111511913,3
calibration,3,Holt-Winters,2025-08-13,2025-09-08,26,525.0,613.4555726445934,94.46786090621707,88.45557264459342,3
calibration,3,Holt-Winters,2025-08-13,2025-09-09,27,499.0,592.557943512518,94.46786090621707,93.55794351251802,3
calibration,3,Holt-Winters,2025-08-13,2025-09-10,28,472.0,599.2497707868886,94.46786090621707,127.24977078688858,3
calibration,3,LightGBM,2025-08-13,2025-08-14,1,593.0,621.8211854946142,94.46786090621707,28.821185494614156,0
calibration,3,LightGBM,2025-08-13,2025-08-15,2,665.0,650.547562330941,94.46786090621707,14.452437669059009,0
calibration,3,LightGBM,2025-08-13,2025-08-16,3,823.0,868.9014691104537,94.46786090621707,45.90146911045372,0
calibration,3,LightGBM,2025-08-13,2025-08-17,4,804.0,907.0298854939334,94.46786090621707,103.02988549393342,0
calibration,3,LightGBM,2025-08-13,2025-08-18,5,541.0,726.7456658398613,94.46786090621707,185.74566583986132,0
calibration,3,LightGBM,2025-08-13,2025-08-19,6,609.0,697.728500387736,94.46786090621707,88.72850038773595,0
calibration,3,LightGBM,2025-08-13,2025-08-20,7,467.0,651.3370839109758,94.46786090621707,184.33708391097582,0
calibration,3,LightGBM,2025-08-13,2025-08-21,8,539.0,626.8273604852542,94.46786090621707,87.82736048525419,1
calibration,3,LightGBM,2025-08-13,2025-08-22,9,655.0,631.6685926664378,94.46786090621707,23.331407333562197,1
calibration,3,LightGBM,2025-08-13,2025-08-23,10,780.0,889.1083565616017,94.46786090621707,109.10835656160168,1
calibration,3,LightGBM,2025-08-13,2025-08-24,11,710.0,814.722403870008,94.46786090621707,104.72240387000795,1
calibration,3,LightGBM,2025-08-13,2025-08-25,12,542.0,635.4093446434622,94.46786090621707,93.40934464346219,1
calibration,3,LightGBM,2025-08-13,2025-08-26,13,533.0,585.7620927718448,94.46786090621707,52.76209277184478,1
calibration,3,LightGBM,2025-08-13,2025-08-27,14,544.0,563.7673239771356,94.46786090621707,19.76732397713556,1
calibration,3,LightGBM,2025-08-13,2025-08-28,15,576.0,566.1946168426807,94.46786090621707,9.805383157319284,2
calibration,3,LightGBM,2025-08-13,2025-08-29,16,616.0,610.8154354469708,94.46786090621707,5.18456455302919,2
calibration,3,LightGBM,2025-08-13,2025-08-30,17,814.0,841.5637897945152,94.46786090621707,27.563789794515174,2
calibration,3,LightGBM,2025-08-13,2025-08-31,18,837.0,835.8617718457223,94.46786090621707,1.1382281542777264,2
calibration,3,LightGBM,2025-08-13,2025-09-01,19,526.0,676.2675232736173,94.46786090621707,150.26752327361726,2
calibration,3,LightGBM,2025-08-13,2025-09-02,20,505.0,645.5687407548813,94.46786090621707,140.56874075488133,2
calibration,3,LightGBM,2025-08-13,2025-09-03,21,555.0,602.6561511862645,94.46786090621707,47.65615118626454,2
calibration,3,LightGBM,2025-08-13,2025-09-04,22,540.0,608.2975918665336,94.46786090621707,68.2975918665336,3
calibration,3,LightGBM,2025-08-13,2025-09-05,23,628.0,628.739811790126,94.46786090621707,0.7398117901260548,3
calibration,3,LightGBM,2025-08-13,2025-09-06,24,759.0,875.9137108247885,94.46786090621707,116.9137108247885,3
calibration,3,LightGBM,2025-08-13,2025-09-07,25,676.0,896.6508561085519,94.46786090621707,220.65085610855192,3
calibration,3,LightGBM,2025-08-13,2025-09-08,26,525.0,727.4805255746955,94.46786090621707,202.48052557469555,3
calibration,3,LightGBM,2025-08-13,2025-09-09,27,499.0,707.697708745486,94.46786090621707,208.697708745486,3
calibration,3,LightGBM,2025-08-13,2025-09-10,28,472.0,642.5655740623332,94.46786090621707,170.5655740623332,3
calibration,4,Seasonal Naive,2025-09-10,2025-09-11,1,596.0,540.0,93.36028659160696,56.0,0
calibration,4,Seasonal Naive,2025-09-10,2025-09-12,2,526.0,628.0,93.36028659160696,102.0,0
calibration,4,Seasonal Naive,2025-09-10,2025-09-13,3,754.0,759.0,93.36028659160696,5.0,0
calibration,4,Seasonal Naive,2025-09-10,2025-09-14,4,694.0,676.0,93.36028659160696,18.0,0
calibration,4,Seasonal Naive,2025-09-10,2025-09-15,5,469.0,525.0,93.36028659160696,56.0,0
calibration,4,Seasonal Naive,2025-09-10,2025-09-16,6,553.0,499.0,93.36028659160696,54.0,0
calibration,4,Seasonal Naive,2025-09-10,2025-09-17,7,582.0,472.0,93.36028659160696,110.0,0
calibration,4,Seasonal Naive,2025-09-10,2025-09-18,8,523.0,540.0,93.36028659160696,17.0,1
calibration,4,Seasonal Naive,2025-09-10,2025-09-19,9,589.0,628.0,93.36028659160696,39.0,1
calibration,4,Seasonal Naive,2025-09-10,2025-09-20,10,738.0,759.0,93.36028659160696,21.0,1
calibration,4,Seasonal Naive,2025-09-10,2025-09-21,11,733.0,676.0,93.36028659160696,57.0,1
calibration,4,Seasonal Naive,2025-09-10,2025-09-22,12,478.0,525.0,93.36028659160696,47.0,1
calibration,4,Seasonal Naive,2025-09-10,2025-09-23,13,521.0,499.0,93.36028659160696,22.0,1
calibration,4,Seasonal Naive,2025-09-10,2025-09-24,14,490.0,472.0,93.36028659160696,18.0,1
calibration,4,Seasonal Naive,2025-09-10,2025-09-25,15,496.0,540.0,93.36028659160696,44.0,2
calibration,4,Seasonal Naive,2025-09-10,2025-09-26,16,494.0,628.0,93.36028659160696,134.0,2
calibration,4,Seasonal Naive,2025-09-10,2025-09-27,17,719.0,759.0,93.36028659160696,40.0,2
calibration,4,Seasonal Naive,2025-09-10,2025-09-28,18,624.0,676.0,93.36028659160696,52.0,2
calibration,4,Seasonal Naive,2025-09-10,2025-09-29,19,493.0,525.0,93.36028659160696,32.0,2
calibration,4,Seasonal Naive,2025-09-10,2025-09-30,20,477.0,499.0,93.36028659160696,22.0,2
calibration,4,Seasonal Naive,2025-09-10,2025-10-01,21,482.0,472.0,93.36028659160696,10.0,2
calibration,4,Seasonal Naive,2025-09-10,2025-10-02,22,513.0,540.0,93.36028659160696,27.0,3
calibration,4,Seasonal Naive,2025-09-10,2025-10-03,23,530.0,628.0,93.36028659160696,98.0,3
calibration,4,Seasonal Naive,2025-09-10,2025-10-04,24,635.0,759.0,93.36028659160696,124.0,3
calibration,4,Seasonal Naive,2025-09-10,2025-10-05,25,650.0,676.0,93.36028659160696,26.0,3
calibration,4,Seasonal Naive,2025-09-10,2025-10-06,26,485.0,525.0,93.36028659160696,40.0,3
calibration,4,Seasonal Naive,2025-09-10,2025-10-07,27,460.0,499.0,93.36028659160696,39.0,3
calibration,4,Seasonal Naive,2025-09-10,2025-10-08,28,430.0,472.0,93.36028659160696,42.0,3
calibration,4,Holt-Winters,2025-09-10,2025-09-11,1,596.0,491.859745576646,93.36028659160696,104.14025442335401,0
calibration,4,Holt-Winters,2025-09-10,2025-09-12,2,526.0,528.955726861769,93.36028659160696,2.9557268617689942,0
calibration,4,Holt-Winters,2025-09-10,2025-09-13,3,754.0,674.1037044085257,93.36028659160696,79.89629559147431,0
calibration,4,Holt-Winters,2025-09-10,2025-09-14,4,694.0,635.1944028198155,93.36028659160696,58.80559718018446,0
calibration,4,Holt-Winters,2025-09-10,2025-09-15,5,469.0,491.2749651622236,93.36028659160696,22.274965162223623,0
calibration,4,Holt-Winters,2025-09-10,2025-09-16,6,553.0,475.0859205274881,93.36028659160696,77.9140794725119,0
calibration,4,Holt-Winters,2025-09-10,2025-09-17,7,582.0,479.88751399023477,93.36028659160696,102.11248600976523,0
calibration,4,Holt-Winters,2025-09-10,2025-09-18,8,523.0,491.859745576646,93.36028659160696,31.14025442335401,1
calibration,4,Holt-Winters,2025-09-10,2025-09-19,9,589.0,528.955726861769,93.36028659160696,60.044273138231006,1
calibration,4,Holt-Winters,2025-09-10,2025-09-20,10,738.0,674.1037044085257,93.36028659160696,63.89629559147431,1
calibration,4,Holt-Winters,2025-09-10,2025-09-21,11,733.0,635.1944028198155,93.36028659160696,97.80559718018446,1
calibration,4,Holt-Winters,2025-09-10,2025-09-22,12,478.0,491.2749651622236,93.36028659160696,13.274965162223623,1
calibration,4,Holt-Winters,2025-09-10,2025-09-23,13,521.0,475.0859205274881,93.36028659160696,45.9140794725119,1
calibration,4,Holt-Winters,2025-09-10,2025-09-24,14,490.0,479.88751399023477,93.36028659160696,10.112486009765234,1
calibration,4,Holt-Winters,2025-09-10,2025-09-25,15,496.0,491.859745576646,93.36028659160696,4.140254423354008,2
calibration,4,Holt-Winters,2025-09-10,2025-09-26,16,494.0,528.955726861769,93.36028659160696,34.955726861768994,2
calibration,4,Holt-Winters,2025-09-10,2025-09-27,17,719.0,674.1037044085257,93.36028659160696,44.89629559147431,2
calibration,4,Holt-Winters,2025-09-10,2025-09-28,18,624.0,635.1944028198155,93.36028659160696,11.194402819815537,2
calibration,4,Holt-Winters,2025-09-10,2025-09-29,19,493.0,491.2749651622236,93.36028659160696,1.7250348377763771,2
calibration,4,Holt-Winters,2025-09-10,2025-09-30,20,477.0,475.0859205274881,93.36028659160696,1.9140794725119008,2
calibration,4,Holt-Winters,2025-09-10,2025-10-01,21,482.0,479.88751399023477,93.36028659160696,2.1124860097652345,2
calibration,4,Holt-Winters,2025-09-10,2025-10-02,22,513.0,491.859745576646,93.36028659160696,21.14025442335401,3
calibration,4,Holt-Winters,2025-09-10,2025-10-03,23,530.0,528.955726861769,93.36028659160696,1.0442731382310058,3
calibration,4,Holt-Winters,2025-09-10,2025-10-04,24,635.0,674.1037044085257,93.36028659160696,39.10370440852569,3
calibration,4,Holt-Winters,2025-09-10,2025-10-05,25,650.0,635.1944028198155,93.36028659160696,14.805597180184463,3
calibration,4,Holt-Winters,2025-09-10,2025-10-06,26,485.0,491.2749651622236,93.36028659160696,6.274965162223623,3
calibration,4,Holt-Winters,2025-09-10,2025-10-07,27,460.0,475.0859205274881,93.36028659160696,15.0859205274881,3
calibration,4,Holt-Winters,2025-09-10,2025-10-08,28,430.0,479.88751399023477,93.36028659160696,49.887513990234766,3
calibration,4,LightGBM,2025-09-10,2025-09-11,1,596.0,536.5750646673027,93.36028659160696,59.42493533269726,0
calibration,4,LightGBM,2025-09-10,2025-09-12,2,526.0,609.5582613327083,93.36028659160696,83.5582613327083,0
calibration,4,LightGBM,2025-09-10,2025-09-13,3,754.0,743.3975706279429,93.36028659160696,10.602429372057145,0
calibration,4,LightGBM,2025-09-10,2025-09-14,4,694.0,682.1953111721358,93.36028659160696,11.804688827864197,0
calibration,4,LightGBM,2025-09-10,2025-09-15,5,469.0,492.33225350968667,93.36028659160696,23.332253509686666,0
calibration,4,LightGBM,2025-09-10,2025-09-16,6,553.0,479.1693695128063,93.36028659160696,73.83063048719367,0
calibration,4,LightGBM,2025-09-10,2025-09-17,7,582.0,475.1557862681348,93.36028659160696,106.84421373186518,0
calibration,4,LightGBM,2025-09-10,2025-09-18,8,523.0,508.09136574419307,93.36028659160696,14.90863425580693,1
calibration,4,LightGBM,2025-09-10,2025-09-19,9,589.0,592.6947356033338,93.36028659160696,3.694735603333811,1
calibration,4,LightGBM,2025-09-10,2025-09-20,10,738.0,741.528089961654,93.36028659160696,3.5280899616540182,1
calibration,4,LightGBM,2025-09-10,2025-09-21,11,733.0,660.0081660119516,93.36028659160696,72.99183398804837,1
calibration,4,LightGBM,2025-09-10,2025-09-22,12,478.0,485.75715526929946,93.36028659160696,7.75715526929946,1
calibration,4,LightGBM,2025-09-10,2025-09-23,13,521.0,471.618741241599,93.36028659160696,49.381258758400975,1
calibration,4,LightGBM,2025-09-10,2025-09-24,14,490.0,493.4922824556568,93.36028659160696,3.4922824556567775,1
calibration,4,LightGBM,2025-09-10,2025-09-25,15,496.0,521.6994524929908,93.36028659160696,25.69945249299076,2
calibration,4,LightGBM,2025-09-10,2025-09-26,16,494.0,592.0108008449747,93.36028659160696,98.01080084497471,2
calibration,4,LightGBM,2025-09-10,2025-09-27,17,719.0,726.3395707377141,93.36028659160696,7.339570737714098,2
calibration,4,LightGBM,2025-09-10,2025-09-28,18,624.0,653.8251447770111,93.36028659160696,29.825144777011133,2
calibration,4,LightGBM,2025-09-10,2025-09-29,19,493.0,478.3870891460117,93.36028659160696,14.612910853988296,2
calibration,4,LightGBM,2025-09-10,2025-09-30,20,477.0,451.3795243153095,93.36028659160696,25.62047568469052,2
calibration,4,LightGBM,2025-09-10,2025-10-01,21,482.0,475.2405115357062,93.36028659160696,6.759488464293781,2
calibration,4,LightGBM,2025-09-10,2025-10-02,22,513.0,499.2173094490815,93.36028659160696,13.782690550918517,3
calibration,4,LightGBM,2025-09-10,2025-10-03,23,530.0,570.575311916392,93.36028659160696,40.575311916392025,3
calibration,4,LightGBM,2025-09-10,2025-10-04,24,635.0,683.1950879380938,93.36028659160696,48.19508793809382,3
calibration,4,LightGBM,2025-09-10,2025-10-05,25,650.0,624.0622073926196,93.36028659160696,25.937792607380402,3
calibration,4,LightGBM,2025-09-10,2025-10-06,26,485.0,478.9317575255671,93.36028659160696,6.068242474432907,3
calibration,4,LightGBM,2025-09-10,2025-10-07,27,460.0,469.07391213869516,93.36028659160696,9.073912138695164,3
calibration,4,LightGBM,2025-09-10,2025-10-08,28,430.0,476.82990811932956,93.36028659160696,46.82990811932956,3
calibration,5,Seasonal Naive,2025-10-08,2025-10-09,1,481.0,513.0,92.03482587064677,32.0,0
calibration,5,Seasonal Naive,2025-10-08,2025-10-10,2,516.0,530.0,92.03482587064677,14.0,0
calibration,5,Seasonal Naive,2025-10-08,2025-10-11,3,693.0,635.0,92.03482587064677,58.0,0
calibration,5,Seasonal Naive,2025-10-08,2025-10-12,4,604.0,650.0,92.03482587064677,46.0,0
calibration,5,Seasonal Naive,2025-10-08,2025-10-13,5,462.0,485.0,92.03482587064677,23.0,0
calibration,5,Seasonal Naive,2025-10-08,2025-10-14,6,408.0,460.0,92.03482587064677,52.0,0
calibration,5,Seasonal Naive,2025-10-08,2025-10-15,7,495.0,430.0,92.03482587064677,65.0,0
calibration,5,Seasonal Naive,2025-10-08,2025-10-16,8,482.0,513.0,92.03482587064677,31.0,1
calibration,5,Seasonal Naive,2025-10-08,2025-10-17,9,460.0,530.0,92.03482587064677,70.0,1
calibration,5,Seasonal Naive,2025-10-08,2025-10-18,10,681.0,635.0,92.03482587064677,46.0,1
calibration,5,Seasonal Naive,2025-10-08,2025-10-19,11,620.0,650.0,92.03482587064677,30.0,1
calibration,5,Seasonal Naive,2025-10-08,2025-10-20,12,488.0,485.0,92.03482587064677,3.0,1
calibration,5,Seasonal Naive,2025-10-08,2025-10-21,13,459.0,460.0,92.03482587064677,1.0,1
calibration,5,Seasonal Naive,2025-10-08,2025-10-22,14,445.0,430.0,92.03482587064677,15.0,1
calibration,5,Seasonal Naive,2025-10-08,2025-10-23,15,516.0,513.0,92.03482587064677,3.0,2
calibration,5,Seasonal Naive,2025-10-08,2025-10-24,16,534.0,530.0,92.03482587064677,4.0,2
calibration,5,Seasonal Naive,2025-10-08,2025-10-25,17,664.0,635.0,92.03482587064677,29.0,2
calibration,5,Seasonal Naive,2025-10-08,2025-10-26,18,594.0,650.0,92.03482587064677,56.0,2
calibration,5,Seasonal Naive,2025-10-08,2025-10-27,19,464.0,485.0,92.03482587064677,21.0,2
calibration,5,Seasonal Naive,2025-10-08,2025-10-28,20,432.0,460.0,92.03482587064677,28.0,2
calibration,5,Seasonal Naive,2025-10-08,2025-10-29,21,493.0,430.0,92.03482587064677,63.0,2
calibration,5,Seasonal Naive,2025-10-08,2025-10-30,22,487.0,513.0,92.03482587064677,26.0,3
calibration,5,Seasonal Naive,2025-10-08,2025-10-31,23,527.0,530.0,92.03482587064677,3.0,3
calibration,5,Seasonal Naive,2025-10-08,2025-11-01,24,653.0,635.0,92.03482587064677,18.0,3
calibration,5,Seasonal Naive,2025-10-08,2025-11-02,25,692.0,650.0,92.03482587064677,42.0,3
calibration,5,Seasonal Naive,2025-10-08,2025-11-03,26,511.0,485.0,92.03482587064677,26.0,3
calibration,5,Seasonal Naive,2025-10-08,2025-11-04,27,498.0,460.0,92.03482587064677,38.0,3
calibration,5,Seasonal Naive,2025-10-08,2025-11-05,28,423.0,430.0,92.03482587064677,7.0,3
calibration,5,Holt-Winters,2025-10-08,2025-10-09,1,481.0,449.8654507662393,92.03482587064677,31.13454923376071,0
calibration,5,Holt-Winters,2025-10-08,2025-10-10,2,516.0,483.2308205776871,92.03482587064677,32.7691794223129,0
calibration,5,Holt-Winters,2025-10-08,2025-10-11,3,693.0,616.3114791453527,92.03482587064677,76.68852085464732,0
calibration,5,Holt-Winters,2025-10-08,2025-10-12,4,604.0,580.8576110184,92.03482587064677,23.142388981599993,0
calibration,5,Holt-Winters,2025-10-08,2025-10-13,5,462.0,448.65141886440375,92.03482587064677,13.348581135596248,0
calibration,5,Holt-Winters,2025-10-08,2025-10-14,6,408.0,434.4556685041945,92.03482587064677,26.455668504194477,0
calibration,5,Holt-Winters,2025-10-08,2025-10-15,7,495.0,438.73277457873473,92.03482587064677,56.267225421265266,0
calibration,5,Holt-Winters,2025-10-08,2025-10-16,8,482.0,449.8654507662393,92.03482587064677,32.13454923376071,1
calibration,5,Holt-Winters,2025-10-08,2025-10-17,9,460.0,483.2308205776871,92.03482587064677,23.230820577687098,1
calibration,5,Holt-Winters,2025-10-08,2025-10-18,10,681.0,616.3114791453527,92.03482587064677,64.68852085464732,1
calibration,5,Holt-Winters,2025-10-08,2025-10-19,11,620.0,580.8576110184,92.03482587064677,39.14238898159999,1
calibration,5,Holt-Winters,2025-10-08,2025-10-20,12,488.0,448.65141886440375,92.03482587064677,39.34858113559625,1
calibration,5,Holt-Winters,2025-10-08,2025-10-21,13,459.0,434.4556685041945,92.03482587064677,24.544331495805523,1
calibration,5,Holt-Winters,2025-10-08,2025-10-22,14,445.0,438.73277457873473,92.03482587064677,6.267225421265266,1
calibration,5,Holt-Winters,2025-10-08,2025-10-23,15,516.0,449.8654507662393,92.03482587064677,66.13454923376071,2
calibration,5,Holt-Winters,2025-10-08,2025-10-24,16,534.0,483.2308205776871,92.03482587064677,50.7691794223129,2
calibration,5,Holt-Winters,2025-10-08,2025-10-25,17,664.0,616.3114791453527,92.03482587064677,47.68852085464732,2
calibration,5,Holt-Winters,2025-10-08,2025-10-26,18,594.0,580.8576110184,92.03482587064677,13.142388981599993,2
calibration,5,Holt-Winters,2025-10-08,2025-10-27,19,464.0,448.65141886440375,92.03482587064677,15.348581135596248,2
calibration,5,Holt-Winters,2025-10-08,2025-10-28,20,432.0,434.4556685041945,92.03482587064677,2.4556685041944775,2
calibration,5,Holt-Winters,2025-10-08,2025-10-29,21,493.0,438.73277457873473,92.03482587064677,54.267225421265266,2
calibration,5,Holt-Winters,2025-10-08,2025-10-30,22,487.0,449.8654507662393,92.03482587064677,37.13454923376071,3
calibration,5,Holt-Winters,2025-10-08,2025-10-31,23,527.0,483.2308205776871,92.03482587064677,43.7691794223129,3
calibration,5,Holt-Winters,2025-10-08,2025-11-01,24,653.0,616.3114791453527,92.03482587064677,36.68852085464732,3
calibration,5,Holt-Winters,2025-10-08,2025-11-02,25,692.0,580.8576110184,92.03482587064677,111.14238898159999,3
calibration,5,Holt-Winters,2025-10-08,2025-11-03,26,511.0,448.65141886440375,92.03482587064677,62.34858113559625,3
calibration,5,Holt-Winters,2025-10-08,2025-11-04,27,498.0,434.4556685041945,92.03482587064677,63.54433149580552,3
calibration,5,Holt-Winters,2025-10-08,2025-11-05,28,423.0,438.73277457873473,92.03482587064677,15.732774578734734,3
calibration,5,LightGBM,2025-10-08,2025-10-09,1,481.0,500.9325876282357,92.03482587064677,19.932587628235694,0
calibration,5,LightGBM,2025-10-08,2025-10-10,2,516.0,518.8972219039366,92.03482587064677,2.897221903936611,0
calibration,5,LightGBM,2025-10-08,2025-10-11,3,693.0,670.5646203090079,92.03482587064677,22.435379690992136,0
calibration,5,LightGBM,2025-10-08,2025-10-12,4,604.0,612.3087851123269,92.03482587064677,8.30878511232686,0
calibration,5,LightGBM,2025-10-08,2025-10-13,5,462.0,466.6127045727786,92.03482587064677,4.612704572778625,0
calibration,5,LightGBM,2025-10-08,2025-10-14,6,408.0,474.93667433116474,92.03482587064677,66.93667433116474,0
calibration,5,LightGBM,2025-10-08,2025-10-15,7,495.0,467.8503520253769,92.03482587064677,27.14964797462312,0
calibration,5,LightGBM,2025-10-08,2025-10-16,8,482.0,490.2776183957745,92.03482587064677,8.277618395774482,1
calibration,5,LightGBM,2025-10-08,2025-10-17,9,460.0,508.29143490235793,92.03482587064677,48.291434902357935,1
calibration,5,LightGBM,2025-10-08,2025-10-18,10,681.0,654.1969321963203,92.03482587064677,26.80306780367971,1
calibration,5,LightGBM,2025-10-08,2025-10-19,11,620.0,666.8885035923618,92.03482587064677,46.88850359236176,1
calibration,5,LightGBM,2025-10-08,2025-10-20,12,488.0,468.6732657283721,92.03482587064677,19.326734271627913,1
calibration,5,LightGBM,2025-10-08,2025-10-21,13,459.0,464.2123180690666,92.03482587064677,5.212318069066612,1
calibration,5,LightGBM,2025-10-08,2025-10-22,14,445.0,469.93981570436034,92.03482587064677,24.939815704360342,1
calibration,5,LightGBM,2025-10-08,2025-10-23,15,516.0,511.33534060678886,92.03482587064677,4.664659393211139,2
calibration,5,LightGBM,2025-10-08,2025-10-24,16,534.0,526.1332150486764,92.03482587064677,7.866784951323552,2
calibration,5,LightGBM,2025-10-08,2025-10-25,17,664.0,687.1274997014489,92.03482587064677,23.12749970144887,2
calibration,5,LightGBM,2025-10-08,2025-10-26,18,594.0,622.1849106236799,92.03482587064677,28.18491062367991,2
calibration,5,LightGBM,2025-10-08,2025-10-27,19,464.0,471.95400793581734,92.03482587064677,7.954007935817344,2
calibration,5,LightGBM,2025-10-08,2025-10-28,20,432.0,462.7675655817169,92.03482587064677,30.767565581716894,2
calibration,5,LightGBM,2025-10-08,2025-10-29,21,493.0,466.80150300507427,92.03482587064677,26.198496994925733,2
calibration,5,LightGBM,2025-10-08,2025-10-30,22,487.0,482.0721367603051,92.03482587064677,4.9278632396948865,3
calibration,5,LightGBM,2025-10-08,2025-10-31,23,527.0,514.6644520014379,92.03482587064677,12.335547998562106,3
calibration,5,LightGBM,2025-10-08,2025-11-01,24,653.0,641.5999746125376,92.03482587064677,11.400025387462392,3
calibration,5,LightGBM,2025-10-08,2025-11-02,25,692.0,633.5194561083513,92.03482587064677,58.48054389164872,3
calibration,5,LightGBM,2025-10-08,2025-11-03,26,511.0,456.34951110302114,92.03482587064677,54.65048889697886,3
calibration,5,LightGBM,2025-10-08,2025-11-04,27,498.0,450.9896462697748,92.03482587064677,47.01035373022518,3
calibration,5,LightGBM,2025-10-08,2025-11-05,28,423.0,457.89337206055524,92.03482587064677,34.89337206055524,3
calibration,6,Seasonal Naive,2025-11-05,2025-11-06,1,452.0,487.0,90.58567279767666,35.0,0
calibration,6,Seasonal Naive,2025-11-05,2025-11-07,2,505.0,527.0,90.58567279767666,22.0,0
calibration,6,Seasonal Naive,2025-11-05,2025-11-08,3,739.0,653.0,90.58567279767666,86.0,0
calibration,6,Seasonal Naive,2025-11-05,2025-11-09,4,654.0,692.0,90.58567279767666,38.0,0
calibration,6,Seasonal Naive,2025-11-05,2025-11-10,5,522.0,511.0,90.58567279767666,11.0,0
calibration,6,Seasonal Naive,2025-11-05,2025-11-11,6,502.0,498.0,90.58567279767666,4.0,0
calibration,6,Seasonal Naive,2025-11-05,2025-11-12,7,479.0,423.0,90.58567279767666,56.0,0
calibration,6,Seasonal Naive,2025-11-05,2025-11-13,8,506.0,487.0,90.58567279767666,19.0,1
calibration,6,Seasonal Naive,2025-11-05,2025-11-14,9,513.0,527.0,90.58567279767666,14.0,1
calibration,6,Seasonal Naive,2025-11-05,2025-11-15,10,735.0,653.0,90.58567279767666,82.0,1
calibration,6,Seasonal Naive,2025-11-05,2025-11-16,11,660.0,692.0,90.58567279767666,32.0,1
calibration,6,Seasonal Naive,2025-11-05,2025-11-17,12,491.0,511.0,90.58567279767666,20.0,1
calibration,6,Seasonal Naive,2025-11-05,2025-11-18,13,460.0,498.0,90.58567279767666,38.0,1
calibration,6,Seasonal Naive,2025-11-05,2025-11-19,14,466.0,423.0,90.58567279767666,43.0,1
calibration,6,Seasonal Naive,2025-11-05,2025-11-20,15,477.0,487.0,90.58567279767666,10.0,2
calibration,6,Seasonal Naive,2025-11-05,2025-11-21,16,564.0,527.0,90.58567279767666,37.0,2
calibration,6,Seasonal Naive,2025-11-05,2025-11-22,17,713.0,653.0,90.58567279767666,60.0,2
calibration,6,Seasonal Naive,2025-11-05,2025-11-23,18,667.0,692.0,90.58567279767666,25.0,2
calibration,6,Seasonal Naive,2025-11-05,2025-11-24,19,535.0,511.0,90.58567279767666,24.0,2
calibration,6,Seasonal Naive,2025-11-05,2025-11-25,20,467.0,498.0,90.58567279767666,31.0,2
calibration,6,Seasonal Naive,2025-11-05,2025-11-26,21,534.0,423.0,90.58567279767666,111.0,2
calibration,6,Seasonal Naive,2025-11-05,2025-11-27,22,561.0,487.0,90.58567279767666,74.0,3
calibration,6,Seasonal Naive,2025-11-05,2025-11-28,23,614.0,527.0,90.58567279767666,87.0,3
calibration,6,Seasonal Naive,2025-11-05,2025-11-29,24,722.0,653.0,90.58567279767666,69.0,3
calibration,6,Seasonal Naive,2025-11-05,2025-11-30,25,648.0,692.0,90.58567279767666,44.0,3
calibration,6,Seasonal Naive,2025-11-05,2025-12-01,26,553.0,511.0,90.58567279767666,42.0,3
calibration,6,Seasonal Naive,2025-11-05,2025-12-02,27,498.0,498.0,90.58567279767666,0.0,3
calibration,6,Seasonal Naive,2025-11-05,2025-12-03,28,521.0,423.0,90.58567279767666,98.0,3
calibration,6,Holt-Winters,2025-11-05,2025-11-06,1,452.0,453.25378305116925,90.58567279767666,1.2537830511692505,0
calibration,6,Holt-Winters,2025-11-05,2025-11-07,2,505.0,486.61508411582435,90.58567279767666,18.384915884175655,0
calibration,6,Holt-Winters,2025-11-05,2025-11-08,3,739.0,620.9439469394857,90.58567279767666,118.05605306051427,0
calibration,6,Holt-Winters,2025-11-05,2025-11-09,4,654.0,585.1358588139466,90.58567279767666,68.86414118605342,0
calibration,6,Holt-Winters,2025-11-05,2025-11-10,5,522.0,451.9231378111791,90.58567279767666,70.07686218882088,0
calibration,6,Holt-Winters,2025-11-05,2025-11-11,6,502.0,437.4025638965231,90.58567279767666,64.59743610347692,0
calibration,6,Holt-Winters,2025-11-05,2025-11-12,7,479.0,441.8056757980502,90.58567279767666,37.194324201949826,0
calibration,6,Holt-Winters,2025-11-05,2025-11-13,8,506.0,453.25378305116925,90.58567279767666,52.74621694883075,1
calibration,6,Holt-Winters,2025-11-05,2025-11-14,9,513.0,486.61508411582435,90.58567279767666,26.384915884175655,1
calibration,6,Holt-Winters,2025-11-05,2025-11-15,10,735.0,620.9439469394857,90.58567279767666,114.05605306051427,1
calibration,6,Holt-Winters,2025-11-05,2025-11-16,11,660.0,585.1358588139466,90.58567279767666,74.86414118605342,1
calibration,6,Holt-Winters,2025-11-05,2025-11-17,12,491.0,451.9231378111791,90.58567279767666,39.07686218882088,1
calibration,6,Holt-Winters,2025-11-05,2025-11-18,13,460.0,437.4025638965231,90.58567279767666,22.597436103476923,1
calibration,6,Holt-Winters,2025-11-05,2025-11-19,14,466.0,441.8056757980502,90.58567279767666,24.194324201949826,1
calibration,6,Holt-Winters,2025-11-05,2025-11-20,15,477.0,453.25378305116925,90.58567279767666,23.74621694883075,2
calibration,6,Holt-Winters,2025-11-05,2025-11-21,16,564.0,486.61508411582435,90.58567279767666,77.38491588417565,2
calibration,6,Holt-Winters,2025-11-05,2025-11-22,17,713.0,620.9439469394857,90.58567279767666,92.05605306051427,2
calibration,6,Holt-Winters,2025-11-05,2025-11-23,18,667.0,585.1358588139466,90.58567279767666,81.86414118605342,2
calibration,6,Holt-Winters,2025-11-05,2025-11-24,19,535.0,451.9231378111791,90.58567279767666,83.07686218882088,2
calibration,6,Holt-Winters,2025-11-05,2025-11-25,20,467.0,437.4025638965231,90.58567279767666,29.597436103476923,2
calibration,6,Holt-Winters,2025-11-05,2025-11-26,21,534.0,441.8056757980502,90.58567279767666,92.19432420194983,2
calibration,6,Holt-Winters,2025-11-05,2025-11-27,22,561.0,453.25378305116925,90.58567279767666,107.74621694883075,3
calibration,6,Holt-Winters,2025-11-05,2025-11-28,23,614.0,486.61508411582435,90.58567279767666,127.38491588417565,3
calibration,6,Holt-Winters,2025-11-05,2025-11-29,24,722.0,620.9439469394857,90.58567279767666,101.05605306051427,3
calibration,6,Holt-Winters,2025-11-05,2025-11-30,25,648.0,585.1358588139466,90.58567279767666,62.864141186053416,3
calibration,6,Holt-Winters,2025-11-05,2025-12-01,26,553.0,451.9231378111791,90.58567279767666,101.07686218882088,3
calibration,6,Holt-Winters,2025-11-05,2025-12-02,27,498.0,437.4025638965231,90.58567279767666,60.59743610347692,3
calibration,6,Holt-Winters,2025-11-05,2025-12-03,28,521.0,441.8056757980502,90.58567279767666,79.19432420194983,3
calibration,6,LightGBM,2025-11-05,2025-11-06,1,452.0,472.8843422781845,90.58567279767666,20.884342278184477,0
calibration,6,LightGBM,2025-11-05,2025-11-07,2,505.0,504.7238167420269,90.58567279767666,0.27618325797311627,0
calibration,6,LightGBM,2025-11-05,2025-11-08,3,739.0,661.7698009002687,90.58567279767666,77.2301990997313,0
calibration,6,LightGBM,2025-11-05,2025-11-09,4,654.0,637.3565831057639,90.58567279767666,16.64341689423611,0
calibration,6,LightGBM,2025-11-05,2025-11-10,5,522.0,469.8792009215436,90.58567279767666,52.1207990784564,0
calibration,6,LightGBM,2025-11-05,2025-11-11,6,502.0,441.9557004910649,90.58567279767666,60.044299508935126,0
calibration,6,LightGBM,2025-11-05,2025-11-12,7,479.0,454.981444113896,90.58567279767666,24.018555886104025,0
calibration,6,LightGBM,2025-11-05,2025-11-13,8,506.0,480.74619184117665,90.58567279767666,25.253808158823347,1
calibration,6,LightGBM,2025-11-05,2025-11-14,9,513.0,516.7568943566363,90.58567279767666,3.7568943566362805,1
calibration,6,LightGBM,2025-11-05,2025-11-15,10,735.0,669.1845135559638,90.58567279767666,65.8154864440362,1
calibration,6,LightGBM,2025-11-05,2025-11-16,11,660.0,657.2925669854599,90.58567279767666,2.707433014540129,1
calibration,6,LightGBM,2025-11-05,2025-11-17,12,491.0,483.28527674918683,90.58567279767666,7.714723250813165,1
calibration,6,LightGBM,2025-11-05,2025-11-18,13,460.0,463.8319478260608,90.58567279767666,3.831947826060798,1
calibration,6,LightGBM,2025-11-05,2025-11-19,14,466.0,465.1958642759074,90.58567279767666,0.804135724092589,1
calibration,6,LightGBM,2025-11-05,2025-11-20,15,477.0,495.75314421564946,90.58567279767666,18.753144215649456,2
calibration,6,LightGBM,2025-11-05,2025-11-21,16,564.0,543.7673229935059,90.58567279767666,20.2326770064941,2
calibration,6,LightGBM,2025-11-05,2025-11-22,17,713.0,720.2182866972221,90.58567279767666,7.218286697222084,2
calibration,6,LightGBM,2025-11-05,2025-11-23,18,667.0,651.7340879082017,90.58567279767666,15.265912091798327,2
calibration,6,LightGBM,2025-11-05,2025-11-24,19,535.0,507.61040089338394,90.58567279767666,27.38959910661606,2
calibration,6,LightGBM,2025-11-05,2025-11-25,20,467.0,467.4537283996838,90.58567279767666,0.4537283996838255,2
calibration,6,LightGBM,2025-11-05,2025-11-26,21,534.0,493.03924902917555,90.58567279767666,40.96075097082445,2
calibration,6,LightGBM,2025-11-05,2025-11-27,22,561.0,510.21495861970976,90.58567279767666,50.78504138029024,3
calibration,6,LightGBM,2025-11-05,2025-11-28,23,614.0,530.5716919350874,90.58567279767666,83.42830806491258,3
calibration,6,LightGBM,2025-11-05,2025-11-29,24,722.0,724.1706361125925,90.58567279767666,2.170636112592547,3
calibration,6,LightGBM,2025-11-05,2025-11-30,25,648.0,679.5951906625032,90.58567279767666,31.595190662503228,3
calibration,6,LightGBM,2025-11-05,2025-12-01,26,553.0,494.50145738225723,90.58567279767666,58.49854261774277,3
calibration,6,LightGBM,2025-11-05,2025-12-02,27,498.0,481.3603809749589,90.58567279767666,16.6396190250411,3
calibration,6,LightGBM,2025-11-05,2025-12-03,28,521.0,477.28171189127676,90.58567279767666,43.71828810872324,3
